{
  "0": 0.4151074375923421,
  "1": 2.47854915519889,
  "2": 5.332671611915695
}