{
  "input_shape": [
    10,
    20
  ],
  "num_classes": 3,
  "lstm_units_1": 128,
  "lstm_units_2": 64,
  "dropout_rate": 0.3,
  "learning_rate": 0.001,
  "batch_size": 256,
  "class_names": [
    "Benign",
    "Volumetric",
    "Semantic"
  ],
  "loss": "focal_loss_gamma2.0_ls0.1",
  "focal_gamma": 2.0,
  "label_smoothing": 0.1,
  "class_weights": {
    "0": 0.4151074375923421,
    "1": 2.47854915519889,
    "2": 5.332671611915695
  },
  "created_at": "2026-03-17T00:46:44.707249"
}