{
  "0": 0.39745815350101943,
  "1": 4.0063777653937676,
  "2": 4.2660325784933715
}