{
    "model_type": "XGBoost",
    "xgboost_version": "2.1.4",
    "training_date": "2026-02-15",
    "gpu_config": {
        "gpu_available": true,
        "device": "cuda",
        "tree_method": "hist"
    },
    "hyperparameters": {
        "n_estimators": 1000,
        "max_depth": 7,
        "learning_rate": 0.05,
        "subsample": 0.8,
        "colsample_bytree": 0.8,
        "scale_pos_weight": 4.727906844198149,
        "best_iteration": 999,
        "best_score": 0.00696911116190032
    },
    "optimal_threshold": 0.8400000000000001,
    "validation_metrics": {
        "threshold": 0.8400000000000001,
        "f1_score": 0.994413407821229,
        "precision": 0.9964460331155758,
        "recall": 0.9923890582482559,
        "accuracy": 0.9980533002811106
    },
    "test_metrics": {
        "baseline": {
            "accuracy": 0.9973496403083275,
            "precision": 0.9879965125002534,
            "recall": 0.9969310718742967,
            "f1": 0.9924436840604506
        },
        "optimized": {
            "accuracy": 0.9981640365478172,
            "precision": 0.9966318210757635,
            "recall": 0.9928391677066923,
            "f1": 0.9947318793046901
        },
        "roc_auc": 0.9999652836677636,
        "inference_latency_ms": 0.0026784658432006834,
        "throughput_samples_per_sec": 373348.05016778974
    }
}